<?xml version="1.0" encoding="UTF-8"?>
<metadata xml:lang="en"><Esri><CreaDate>20250417</CreaDate><CreaTime>17551800</CreaTime><ArcGISFormat>1.0</ArcGISFormat><SyncOnce>FALSE</SyncOnce><DataProperties><lineage><Process ToolSource="c:\users\szhan\appdata\local\programs\arcgis\pro\Resources\ArcToolbox\toolboxes\Data Management Tools.tbx\AddFields" Date="20250417" Time="175518">AddFields GPLYR_{0D0ED94B-5C7B-4D87-86A4-967C928B1601} "LengthKM DOUBLE # # # #" #</Process><Process ToolSource="c:\users\szhan\appdata\local\programs\arcgis\pro\Resources\ArcToolbox\toolboxes\Data Management Tools.tbx\CalculateGeometryAttributes" Date="20250417" Time="175519">CalculateGeometryAttributes tl_2024_12001_roads "LengthKM LENGTH_GEODESIC" KILOMETERS # # SAME_AS_INPUT</Process><Process ToolSource="c:\users\szhan\appdata\local\programs\arcgis\pro\Resources\ArcToolbox\toolboxes\Data Management Tools.tbx\SplitLine" Date="20250417" Time="175714">SplitLine tl_2024_12001_roads "C:\Users\szhan\Downloads\University of Florida\Spring25\COP3530\Project3\road_vertices_split.shp"</Process><Process ToolSource="c:\users\szhan\appdata\local\programs\arcgis\pro\Resources\ArcToolbox\toolboxes\Data Management Tools.tbx\DeleteField" Date="20250417" Time="175810">DeleteField road_vertices_split LengthKM DELETE_FIELDS</Process><Process ToolSource="c:\users\szhan\appdata\local\programs\arcgis\pro\Resources\ArcToolbox\toolboxes\Data Management Tools.tbx\AddFields" Date="20250417" Time="175844">AddFields GPLYR_{FA8404E9-B72F-4DC2-ABA0-75AF85DD9CA7} "LengthKM DOUBLE # # # #" #</Process><Process ToolSource="c:\users\szhan\appdata\local\programs\arcgis\pro\Resources\ArcToolbox\toolboxes\Data Management Tools.tbx\CalculateGeometryAttributes" Date="20250417" Time="175852">CalculateGeometryAttributes road_vertices_split "LengthKM LENGTH_GEODESIC" KILOMETERS # # SAME_AS_INPUT</Process><Process ToolSource="c:\users\szhan\appdata\local\programs\arcgis\pro\Resources\ArcToolbox\toolboxes\Data Management Tools.tbx\AddFields" Date="20250417" Time="180634">AddFields GPLYR_{857A133F-B351-4830-A6C7-33BA0E4FA05A} "StartX DOUBLE # # # #;StartY DOUBLE # # # #;EndX DOUBLE # # # #;EndY DOUBLE # # # #" #</Process><Process ToolSource="c:\users\szhan\appdata\local\programs\arcgis\pro\Resources\ArcToolbox\toolboxes\Data Management Tools.tbx\CalculateGeometryAttributes" Date="20250417" Time="180822">CalculateGeometryAttributes road_vertices_split "StartX LINE_START_X;StartY LINE_START_Y;EndX LINE_END_X;EndY LINE_END_Y" KILOMETERS # # SAME_AS_INPUT</Process><Process ToolSource="c:\users\szhan\appdata\local\programs\arcgis\pro\Resources\ArcToolbox\toolboxes\Data Management Tools.tbx\CalculateGeometryAttributes" Date="20250418" Time="214202">CalculateGeometryAttributes road_vertices_split "StartX LINE_START_X;StartY LINE_START_Y;EndX LINE_END_X;EndY LINE_END_Y" # # PROJCS["WGS_1984_Web_Mercator_Auxiliary_Sphere",GEOGCS["GCS_WGS_1984",DATUM["D_WGS_1984",SPHEROID["WGS_1984",6378137.0,298.257223563]],PRIMEM["Greenwich",0.0],UNIT["Degree",0.0174532925199433]],PROJECTION["Mercator_Auxiliary_Sphere"],PARAMETER["False_Easting",0.0],PARAMETER["False_Northing",0.0],PARAMETER["Central_Meridian",0.0],PARAMETER["Standard_Parallel_1",0.0],PARAMETER["Auxiliary_Sphere_Type",0.0],UNIT["Meter",1.0]] SAME_AS_INPUT</Process><Process ToolSource="c:\users\szhan\appdata\local\programs\arcgis\pro\Resources\ArcToolbox\toolboxes\Conversion Tools.tbx\ExportFeatures" Date="20250419" Time="190040">ExportFeatures road_vertices_split "C:\Users\szhan\Downloads\University of Florida\Spring25\COP3530\Project3\road_vertices_3857.shp" # NOT_USE_ALIAS "LINEARID "LINEARID" true true false 22 Text 0 0,First,#,road_vertices_split,LINEARID,0,21;FULLNAME "FULLNAME" true true false 100 Text 0 0,First,#,road_vertices_split,FULLNAME,0,99;RTTYP "RTTYP" true true false 1 Text 0 0,First,#,road_vertices_split,RTTYP,0,0;MTFCC "MTFCC" true true false 5 Text 0 0,First,#,road_vertices_split,MTFCC,0,4;ORIG_FID "ORIG_FID" true true false 10 Long 0 10,First,#,road_vertices_split,ORIG_FID,-1,-1;ORIG_SEQ "ORIG_SEQ" true true false 10 Long 0 10,First,#,road_vertices_split,ORIG_SEQ,-1,-1;LengthKM "LengthKM" true true false 19 Double 0 0,First,#,road_vertices_split,LengthKM,-1,-1;StartX "StartX" true true false 19 Double 0 0,First,#,road_vertices_split,StartX,-1,-1;StartY "StartY" true true false 19 Double 0 0,First,#,road_vertices_split,StartY,-1,-1;EndX "EndX" true true false 19 Double 0 0,First,#,road_vertices_split,EndX,-1,-1;EndY "EndY" true true false 19 Double 0 0,First,#,road_vertices_split,EndY,-1,-1" #</Process><Process ToolSource="c:\users\szhan\appdata\local\programs\arcgis\pro\Resources\ArcToolbox\toolboxes\Data Management Tools.tbx\DeleteField" Date="20250419" Time="190105">DeleteField road_vertices_3857 StartX;StartY;EndX;EndY DELETE_FIELDS</Process><Process ToolSource="c:\users\szhan\appdata\local\programs\arcgis\pro\Resources\ArcToolbox\toolboxes\Data Management Tools.tbx\AddFields" Date="20250419" Time="190246">AddFields GPLYR_{FA614318-3AA6-4A35-8A92-F5FAF8031849} "Length_KM DOUBLE # # # #;StartX DOUBLE # # # #;StartY DOUBLE # # # #;EndX DOUBLE # # # #;EndY DOUBLE # # # #" #</Process><Process ToolSource="c:\users\szhan\appdata\local\programs\arcgis\pro\Resources\ArcToolbox\toolboxes\Data Management Tools.tbx\CalculateGeometryAttributes" Date="20250419" Time="190439">CalculateGeometryAttributes road_vertices_3857 "Length_KM LENGTH_GEODESIC;StartX LINE_START_X;StartY LINE_START_Y;EndX LINE_END_X;EndY LINE_END_Y" KILOMETERS # PROJCS["WGS_1984_Web_Mercator_Auxiliary_Sphere",GEOGCS["GCS_WGS_1984",DATUM["D_WGS_1984",SPHEROID["WGS_1984",6378137.0,298.257223563]],PRIMEM["Greenwich",0.0],UNIT["Degree",0.0174532925199433]],PROJECTION["Mercator_Auxiliary_Sphere"],PARAMETER["False_Easting",0.0],PARAMETER["False_Northing",0.0],PARAMETER["Central_Meridian",0.0],PARAMETER["Standard_Parallel_1",0.0],PARAMETER["Auxiliary_Sphere_Type",0.0],UNIT["Meter",1.0]] SAME_AS_INPUT</Process><Process ToolSource="c:\users\szhan\appdata\local\programs\arcgis\pro\Resources\ArcToolbox\toolboxes\Data Management Tools.tbx\DeleteField" Date="20250419" Time="190503">DeleteField road_vertices_3857 Length_KM DELETE_FIELDS</Process><Process ToolSource="c:\users\szhan\appdata\local\programs\arcgis\pro\Resources\ArcToolbox\toolboxes\Data Management Tools.tbx\AddFields" Date="20250419" Time="192502">AddFields GPLYR_{E3E1CC56-B5C7-4A15-BBAE-C38B14D6F8B0} "LengthM DOUBLE # # # #" #</Process><Process ToolSource="c:\users\szhan\appdata\local\programs\arcgis\pro\Resources\ArcToolbox\toolboxes\Data Management Tools.tbx\CalculateGeometryAttributes" Date="20250419" Time="192514">CalculateGeometryAttributes road_vertices_3857 "LengthM LENGTH_GEODESIC" METERS # PROJCS["WGS_1984_Web_Mercator_Auxiliary_Sphere",GEOGCS["GCS_WGS_1984",DATUM["D_WGS_1984",SPHEROID["WGS_1984",6378137.0,298.257223563]],PRIMEM["Greenwich",0.0],UNIT["Degree",0.0174532925199433]],PROJECTION["Mercator_Auxiliary_Sphere"],PARAMETER["False_Easting",0.0],PARAMETER["False_Northing",0.0],PARAMETER["Central_Meridian",0.0],PARAMETER["Standard_Parallel_1",0.0],PARAMETER["Auxiliary_Sphere_Type",0.0],UNIT["Meter",1.0]] SAME_AS_INPUT</Process><Process ToolSource="c:\users\viazh\appdata\local\programs\arcgis\pro\Resources\ArcToolbox\toolboxes\Conversion Tools.tbx\ExportFeatures" Date="20250420" Time="103710">ExportFeatures road_vertices_3857 C:\Users\viazh\Downloads\road_vertices_3857_subset.shp # NOT_USE_ALIAS "LINEARID "LINEARID" true true false 22 Text 0 0,First,#,road_vertices_3857,LINEARID,0,21;FULLNAME "FULLNAME" true true false 100 Text 0 0,First,#,road_vertices_3857,FULLNAME,0,99;RTTYP "RTTYP" true true false 1 Text 0 0,First,#,road_vertices_3857,RTTYP,0,0;MTFCC "MTFCC" true true false 5 Text 0 0,First,#,road_vertices_3857,MTFCC,0,4;ORIG_FID "ORIG_FID" true true false 10 Long 0 10,First,#,road_vertices_3857,ORIG_FID,-1,-1;ORIG_SEQ "ORIG_SEQ" true true false 10 Long 0 10,First,#,road_vertices_3857,ORIG_SEQ,-1,-1;LengthKM "LengthKM" true true false 19 Double 0 0,First,#,road_vertices_3857,LengthKM,-1,-1;StartX "StartX" true true false 19 Double 0 0,First,#,road_vertices_3857,StartX,-1,-1;StartY "StartY" true true false 19 Double 0 0,First,#,road_vertices_3857,StartY,-1,-1;EndX "EndX" true true false 19 Double 0 0,First,#,road_vertices_3857,EndX,-1,-1;EndY "EndY" true true false 19 Double 0 0,First,#,road_vertices_3857,EndY,-1,-1;LengthM "LengthM" true true false 19 Double 0 0,First,#,road_vertices_3857,LengthM,-1,-1" #</Process></lineage><itemProps><itemName Sync="TRUE">road_vertices_3857_subset</itemName><imsContentType Sync="TRUE">002</imsContentType><itemSize Sync="TRUE">0.000</itemSize><itemLocation><linkage Sync="TRUE">file://\\VIA-OLIVE\C$\Users\viazh\Downloads\road_vertices_3857_subset.shp</linkage><protocol Sync="TRUE">Local Area Network</protocol></itemLocation></itemProps><coordRef><type Sync="TRUE">Projected</type><geogcsn Sync="TRUE">GCS_WGS_1984</geogcsn><csUnits Sync="TRUE">Linear Unit: Meter (1.000000)</csUnits><peXml Sync="TRUE">&lt;ProjectedCoordinateSystem xsi:type='typens:ProjectedCoordinateSystem' xmlns:xsi='http://www.w3.org/2001/XMLSchema-instance' xmlns:xs='http://www.w3.org/2001/XMLSchema' xmlns:typens='http://www.esri.com/schemas/ArcGIS/3.4.0'&gt;&lt;WKT&gt;PROJCS[&amp;quot;WGS_1984_Web_Mercator_Auxiliary_Sphere&amp;quot;,GEOGCS[&amp;quot;GCS_WGS_1984&amp;quot;,DATUM[&amp;quot;D_WGS_1984&amp;quot;,SPHEROID[&amp;quot;WGS_1984&amp;quot;,6378137.0,298.257223563]],PRIMEM[&amp;quot;Greenwich&amp;quot;,0.0],UNIT[&amp;quot;Degree&amp;quot;,0.0174532925199433]],PROJECTION[&amp;quot;Mercator_Auxiliary_Sphere&amp;quot;],PARAMETER[&amp;quot;False_Easting&amp;quot;,0.0],PARAMETER[&amp;quot;False_Northing&amp;quot;,0.0],PARAMETER[&amp;quot;Central_Meridian&amp;quot;,0.0],PARAMETER[&amp;quot;Standard_Parallel_1&amp;quot;,0.0],PARAMETER[&amp;quot;Auxiliary_Sphere_Type&amp;quot;,0.0],UNIT[&amp;quot;Meter&amp;quot;,1.0],AUTHORITY[&amp;quot;EPSG&amp;quot;,3857]]&lt;/WKT&gt;&lt;XOrigin&gt;-20037700&lt;/XOrigin&gt;&lt;YOrigin&gt;-30241100&lt;/YOrigin&gt;&lt;XYScale&gt;148923141.92838538&lt;/XYScale&gt;&lt;ZOrigin&gt;-100000&lt;/ZOrigin&gt;&lt;ZScale&gt;10000&lt;/ZScale&gt;&lt;MOrigin&gt;-100000&lt;/MOrigin&gt;&lt;MScale&gt;10000&lt;/MScale&gt;&lt;XYTolerance&gt;0.001&lt;/XYTolerance&gt;&lt;ZTolerance&gt;0.001&lt;/ZTolerance&gt;&lt;MTolerance&gt;0.001&lt;/MTolerance&gt;&lt;HighPrecision&gt;true&lt;/HighPrecision&gt;&lt;WKID&gt;102100&lt;/WKID&gt;&lt;LatestWKID&gt;3857&lt;/LatestWKID&gt;&lt;/ProjectedCoordinateSystem&gt;</peXml><projcsn Sync="TRUE">WGS_1984_Web_Mercator_Auxiliary_Sphere</projcsn></coordRef></DataProperties><SyncDate>20250420</SyncDate><SyncTime>10370800</SyncTime><ModDate>20250420</ModDate><ModTime>10370800</ModTime></Esri><dataIdInfo><envirDesc Sync="TRUE">Microsoft Windows 10 Version 10.0 (Build 26100) ; Esri ArcGIS 13.4.0.55405</envirDesc><dataLang><languageCode value="eng" Sync="TRUE"></languageCode><countryCode value="USA" Sync="TRUE"></countryCode></dataLang><idCitation><resTitle Sync="TRUE">road_vertices_3857_subset</resTitle><presForm><PresFormCd value="005" Sync="TRUE"></PresFormCd></presForm></idCitation><spatRpType><SpatRepTypCd value="001" Sync="TRUE"></SpatRepTypCd></spatRpType></dataIdInfo><mdLang><languageCode value="eng" Sync="TRUE"></languageCode><countryCode value="USA" Sync="TRUE"></countryCode></mdLang><mdChar><CharSetCd value="004" Sync="TRUE"></CharSetCd></mdChar><distInfo><distFormat><formatName Sync="TRUE">Shapefile</formatName></distFormat><distTranOps><transSize Sync="TRUE">0.000</transSize></distTranOps></distInfo><mdHrLv><ScopeCd value="005" Sync="TRUE"></ScopeCd></mdHrLv><mdHrLvName Sync="TRUE">dataset</mdHrLvName><refSysInfo><RefSystem><refSysID><identCode code="3857" Sync="TRUE"></identCode><idCodeSpace Sync="TRUE">EPSG</idCodeSpace><idVersion Sync="TRUE">6.18.3(9.3.1.2)</idVersion></refSysID></RefSystem></refSysInfo><spatRepInfo><VectSpatRep><geometObjs Name="road_vertices_3857_subset"><geoObjTyp><GeoObjTypCd value="002" Sync="TRUE"></GeoObjTypCd></geoObjTyp><geoObjCnt Sync="TRUE">0</geoObjCnt></geometObjs><topLvl><TopoLevCd value="001" Sync="TRUE"></TopoLevCd></topLvl></VectSpatRep></spatRepInfo><spdoinfo><ptvctinf><esriterm Name="road_vertices_3857_subset"><efeatyp Sync="TRUE">Simple</efeatyp><efeageom code="3" Sync="TRUE"></efeageom><esritopo Sync="TRUE">FALSE</esritopo><efeacnt Sync="TRUE">0</efeacnt><spindex Sync="TRUE">FALSE</spindex><linrefer Sync="TRUE">FALSE</linrefer></esriterm></ptvctinf></spdoinfo><eainfo><detailed Name="road_vertices_3857_subset"><enttyp><enttypl Sync="TRUE">road_vertices_3857_subset</enttypl><enttypt Sync="TRUE">Feature Class</enttypt><enttypc Sync="TRUE">0</enttypc></enttyp><attr><attrlabl Sync="TRUE">FID</attrlabl><attalias Sync="TRUE">FID</attalias><attrtype Sync="TRUE">OID</attrtype><attwidth Sync="TRUE">4</attwidth><atprecis Sync="TRUE">0</atprecis><attscale Sync="TRUE">0</attscale><attrdef Sync="TRUE">Internal feature number.</attrdef><attrdefs Sync="TRUE">Esri</attrdefs><attrdomv><udom Sync="TRUE">Sequential unique whole numbers that are automatically generated.</udom></attrdomv></attr><attr><attrlabl Sync="TRUE">Shape</attrlabl><attalias Sync="TRUE">Shape</attalias><attrtype Sync="TRUE">Geometry</attrtype><attwidth Sync="TRUE">0</attwidth><atprecis Sync="TRUE">0</atprecis><attscale Sync="TRUE">0</attscale><attrdef Sync="TRUE">Feature geometry.</attrdef><attrdefs Sync="TRUE">Esri</attrdefs><attrdomv><udom Sync="TRUE">Coordinates defining the features.</udom></attrdomv></attr><attr><attrlabl Sync="TRUE">LINEARID</attrlabl><attalias Sync="TRUE">LINEARID</attalias><attrtype Sync="TRUE">String</attrtype><attwidth Sync="TRUE">22</attwidth><atprecis Sync="TRUE">0</atprecis><attscale Sync="TRUE">0</attscale></attr><attr><attrlabl Sync="TRUE">FULLNAME</attrlabl><attalias Sync="TRUE">FULLNAME</attalias><attrtype Sync="TRUE">String</attrtype><attwidth Sync="TRUE">100</attwidth><atprecis Sync="TRUE">0</atprecis><attscale Sync="TRUE">0</attscale></attr><attr><attrlabl Sync="TRUE">RTTYP</attrlabl><attalias Sync="TRUE">RTTYP</attalias><attrtype Sync="TRUE">String</attrtype><attwidth Sync="TRUE">1</attwidth><atprecis Sync="TRUE">0</atprecis><attscale Sync="TRUE">0</attscale></attr><attr><attrlabl Sync="TRUE">MTFCC</attrlabl><attalias Sync="TRUE">MTFCC</attalias><attrtype Sync="TRUE">String</attrtype><attwidth Sync="TRUE">5</attwidth><atprecis Sync="TRUE">0</atprecis><attscale Sync="TRUE">0</attscale></attr><attr><attrlabl Sync="TRUE">LengthKM</attrlabl><attalias Sync="TRUE">LengthKM</attalias><attrtype Sync="TRUE">Double</attrtype><attwidth Sync="TRUE">19</attwidth><atprecis Sync="TRUE">0</atprecis><attscale Sync="TRUE">0</attscale></attr><attr><attrlabl Sync="TRUE">ORIG_FID</attrlabl><attalias Sync="TRUE">ORIG_FID</attalias><attrtype Sync="TRUE">Integer</attrtype><attwidth Sync="TRUE">10</attwidth><atprecis Sync="TRUE">10</atprecis><attscale Sync="TRUE">0</attscale></attr><attr><attrlabl Sync="TRUE">ORIG_SEQ</attrlabl><attalias Sync="TRUE">ORIG_SEQ</attalias><attrtype Sync="TRUE">Integer</attrtype><attwidth Sync="TRUE">10</attwidth><atprecis Sync="TRUE">10</atprecis><attscale Sync="TRUE">0</attscale></attr><attr><attrlabl Sync="TRUE">StartX</attrlabl><attalias Sync="TRUE">StartX</attalias><attrtype Sync="TRUE">Double</attrtype><attwidth Sync="TRUE">19</attwidth><atprecis Sync="TRUE">0</atprecis><attscale Sync="TRUE">0</attscale></attr><attr><attrlabl Sync="TRUE">StartY</attrlabl><attalias Sync="TRUE">StartY</attalias><attrtype Sync="TRUE">Double</attrtype><attwidth Sync="TRUE">19</attwidth><atprecis Sync="TRUE">0</atprecis><attscale Sync="TRUE">0</attscale></attr><attr><attrlabl Sync="TRUE">EndX</attrlabl><attalias Sync="TRUE">EndX</attalias><attrtype Sync="TRUE">Double</attrtype><attwidth Sync="TRUE">19</attwidth><atprecis Sync="TRUE">0</atprecis><attscale Sync="TRUE">0</attscale></attr><attr><attrlabl Sync="TRUE">EndY</attrlabl><attalias Sync="TRUE">EndY</attalias><attrtype Sync="TRUE">Double</attrtype><attwidth Sync="TRUE">19</attwidth><atprecis Sync="TRUE">0</atprecis><attscale Sync="TRUE">0</attscale></attr><attr><attrlabl Sync="TRUE">LengthM</attrlabl><attalias Sync="TRUE">LengthM</attalias><attrtype Sync="TRUE">Double</attrtype><attwidth Sync="TRUE">19</attwidth><atprecis Sync="TRUE">0</atprecis><attscale Sync="TRUE">0</attscale></attr></detailed></eainfo><mdDateSt Sync="TRUE">20250420</mdDateSt></metadata>
